Bournemouth,Crystal Palace
Aston Villa,Chelsea
Brighton,Arsenal
Everton,LIverpool
Man City,Burnley
Newcastle,Sheffield United
Norwich,Southampton
Tottenham,Man United
Watford,Leicester
West Ham,Wolves
Burnley,Watford
Chelsea,Man City
Leicester,Brighton
Liverpool,Crystal Palace
Man United,Sheffield United
Newcastle,Aston Villa
Norwich,Everton
Southampton,Arsenal
Tottenham,West Ham
Wolves,Bournemouth
Bournemouth,Newcastle
Arsenal,Norwich
Aston Villa,Wolves
Brighton,Man United
Crystal Palace,Burnley
Everton,Leicester
Man City,LIverpool
Sheffield United,Tottenham
Watford,Southampton
West Ham,Chelsea
Burnley,Sheffield United
Chelsea,Watford
Leicester,Crystal Palace
Liverpool,Aston Villa
Man United,Bournemouth
Newcastle,West Ham
Norwich,Brighton
Southampton,Man City
Tottenham,Everton
Wolves,Arsenal
Bournemouth,Tottenham
Arsenal,Leicester
Aston Villa,Man United
Brighton,LIverpool
Crystal Palace,Chelsea
Everton,Southampton
Man City,Newcastle
Sheffield United,Wolves
Watford,Norwich
West Ham,Burnley
Bournemouth,Leicester
Aston Villa,Crystal Palace
Brighton,Man City
Liverpool,Burnley
Man United,Southampton
Norwich,West Ham
Sheffield United,Chelsea
Tottenham,Arsenal
Watford,Newcastle
Wolves,Everton
Arsenal,LIverpool
Burnley,Wolves
Chelsea,Norwich
Crystal Palace,Man United
Everton,Aston Villa
Leicester,Sheffield United
Man City,Bournemouth
Newcastle,Tottenham
Southampton,Brighton
West Ham,Watford
Bournemouth,Southampton
Aston Villa,Arsenal
Brighton,Newcastle
Liverpool,Chelsea
Man United,West Ham
Norwich,Burnley
Sheffield United,Everton
Tottenham,Leicester
Watford,Man City
Wolves,Crystal Palace
Arsenal,Watford
Burnley,Brighton
Chelsea,Wolves
Crystal Palace,Tottenham
Everton,Bournemouth
Leicester,Man United
Man City,Norwich
Newcastle,LIverpool
Southampton,Sheffield United
West Ham,Aston Villa
Man City,Arsenal
Aston Villa,Sheffield United
